{
  "accuracy": 0.95,
  "precision": 0.9803921568627451,
  "recall": 0.847457627118644,
  "f1_score": 0.909090909090909,
  "confusion_matrix": [
    [
      140,
      1
    ],
    [
      9,
      50
    ]
  ]
}